TP,EV_%,delay_probability_%,n
0,0.0,75.9,1000
1,18.12,70.0,1000
2,28.73,78.10000000000001,1000
3,36.14,99.5,1000
4,48.65,100.0,1000
5,62.029999999999994,100.0,1000
6,64.51,100.0,1000
8,72.0,100.0,1000
9,80.87,100.0,1000
10,100.0,100.0,1000
